Felix,Sylvain,1,3,5,,,,,,,,
Felix,Gregory,2,4,6,8,19,20,,,,,
Felix,Olivier,3,5,,,,,,,,,
Felix,Nagy,4,6,8,,,,,,,,
Felix,Jean-Baptis,5,,,,,,,,,,
Felix,Sebastien,6,8,,,,,,,,,
Felix,Thomas,7,,,,,,,,,,
Felix,Ludovic,8,,,,,,,,,,
Felix,Maurice,9,10,11,12,13,14,15,16,17,18,23
Felix,Therese,10,11,12,13,14,15,16,17,18,23,
Felix,Sandrine,11,12,13,14,15,16,17,18,23,,
Felix,Louis,12,13,14,15,16,17,18,23,,,
Felix,Marie-Yvonn,13,14,15,16,17,18,23,,,,
Felix,Armelle,14,15,16,17,18,23,,,,,
Felix,Gael,15,16,17,18,23,,,,,,
Felix,Cyril,16,17,18,23,,,,,,,
Felix,Stephane,17,18,23,,,,,,,,
Felix,Nani,18,23,,,,,,,,,
Felix,Manuel,19,20,,,,,,,,,
Felix,Nicolas-F,20,,,,,,,,,,
Felix,Sylvain,21,22,,,,,,,,,
Felix,Rodolphe,22,,,,,,,,,,
Felix,Jean-Baptis,23,,,,,,,,,,
