Pascal,Nadege,1,2,4,5,6,7,8,9,10,12,13,14,15,17,18,22,24,25,28,29,30
Pascal,Dominique,2,3,22,24,25,26,27,28,29,30,,,,,,,,,,,
Pascal,Fatiha,3,22,23,,,,,,,,,,,,,,,,,,
Pascal,Dede,4,5,,,,,,,,,,,,,,,,,,,
Pascal,David-C,5,,,,,,,,,,,,,,,,,,,,
Pascal,Christian,6,7,,,,,,,,,,,,,,,,,,,
Pascal,Christelle,7,,,,,,,,,,,,,,,,,,,,
Pascal,Lydie,8,,,,,,,,,,,,,,,,,,,,
Pascal,Mr-F,9,28,29,30,,,,,,,,,,,,,,,,,
Pascal,Vincent,10,28,29,30,,,,,,,,,,,,,,,,,
Pascal,Yann,11,,,,,,,,,,,,,,,,,,,,
Pascal,Daniel,12,13,,,,,,,,,,,,,,,,,,,
Pascal,Severine,13,,,,,,,,,,,,,,,,,,,,
Pascal,Fanny,14,15,,,,,,,,,,,,,,,,,,,
Pascal,Carine,15,,,,,,,,,,,,,,,,,,,,
Pascal,Rabat,16,22,,,,,,,,,,,,,,,,,,,
Pascal,Hugues,17,18,28,29,30,,,,,,,,,,,,,,,,
Pascal,Marie-Franc,18,28,29,30,,,,,,,,,,,,,,,,,
Pascal,Samuel,19,,,,,,,,,,,,,,,,,,,,
Pascal,Michael,20,21,,,,,,,,,,,,,,,,,,,
Pascal,Ludovic,21,,,,,,,,,,,,,,,,,,,,
Pascal,Marie-Noell,22,23,24,25,26,27,28,29,30,,,,,,,,,,,,
Pascal,Dalila,23,,,,,,,,,,,,,,,,,,,,
Pascal,Richard,24,25,26,27,28,29,30,,,,,,,,,,,,,,
Pascal,Natacha,25,26,27,28,29,30,,,,,,,,,,,,,,,
Pascal,Marie-Franc,26,27,,,,,,,,,,,,,,,,,,,
Pascal,Stephane,27,,,,,,,,,,,,,,,,,,,,
Pascal,Joel,28,29,30,,,,,,,,,,,,,,,,,,
Pascal,Nicole,29,30,,,,,,,,,,,,,,,,,,,
Pascal,Wilfrid,30,,,,,,,,,,,,,,,,,,,,
