Patrick             ,Mireille,1,2,3,4,5,15,31,32,34,35,36
Patrick             ,Francois,2,3,4,29,30,34,35,36,,,
Patrick             ,Estelle,3,4,5,15,29,30,31,32,34,35,36
Patrick             ,Emmanuel,4,5,15,31,32,34,35,36,,,
Patrick             ,Yann,5,6,7,8,9,10,12,13,14,,
Patrick             ,Boris,6,7,8,12,13,,,,,,
Patrick             ,Isabelle,7,,,,,,,,,,
Patrick             ,Rodrigue,8,9,,,,,,,,,
Patrick             ,Marc,9,,,,,,,,,,
Patrick             ,Steve,10,,,,,,,,,,
Patrick             ,Stephane-1,11,,,,,,,,,,
Patrick             ,Stephane-2,12,13,,,,,,,,,
Patrick             ,Ismael,13,,,,,,,,,,
Patrick             ,Yohann,14,,,,,,,,,,
Patrick             ,Sylviane,15,31,32,,,,,,,,
Patrick             ,Andre,29,30,,,,,,,,,
Patrick             ,Paquerette,30,,,,,,,,,,
Patrick             ,Paul,31,32,,,,,,,,,
Patrick             ,Lucette,32,,,,,,,,,,
Patrick             ,Mauricette,34,35,36,,,,,,,,
Patrick             ,Jean-Pierre,35,36,,,,,,,,,
Patrick             ,Marcel,36,,,,,,,,,,
