Suzon               ,Eric,1,11,12,14,,
Suzon               ,Elodie,2,3,4,5,6,8
Suzon               ,Stephanie,3,4,5,,,
Suzon               ,Celine-X,4,5,,,,
Suzon               ,Sabrina,5,,,,,
Suzon               ,Brigitte,6,8,,,,
Suzon               ,Francois-B,7,8,,,,
Suzon               ,Celine,8,,,,,
Suzon               ,Angelique-L,11,12,14,15,17,
Suzon               ,Pierre,12,14,,,,
Suzon               ,Ludovic,14,,,,,
Suzon               ,Fatna,15,17,,,,
Suzon               ,Latifa,17,,,,,
